[
    { "id": 1, "name": "All Categories", "hasSubCategory": false, "parentId": 0 },
    { "id": 20, "name": "Fashion", "hasSubCategory": true, "parentId": 0 },
    { "id": 30, "name": "Women", "hasSubCategory": true, "parentId": 20 },
    { "id": 31, "name": "Dresses & Skirts", "hasSubCategory": false, "parentId": 30 },
    { "id": 32, "name": "Jackets", "hasSubCategory": false, "parentId": 30 },
    { "id": 33, "name": "Tops & Blouses", "hasSubCategory": false, "parentId": 30 },
    { "id": 34, "name": "Shoes & Boots", "hasSubCategory": false, "parentId": 30 },
    { "id": 35, "name": "Knitwear", "hasSubCategory": false, "parentId": 30 },
    { "id": 40, "name": "Men", "hasSubCategory": true, "parentId": 20 },
    { "id": 50, "name": "T-shirts & Polos", "hasSubCategory": false, "parentId": 40 },
    { "id": 51, "name": "Shoes & Boots", "hasSubCategory": false, "parentId": 40 },
    { "id": 52, "name": "Jeans", "hasSubCategory": false, "parentId": 40 },
    { "id": 53, "name": "Coats", "hasSubCategory": false, "parentId": 40 }, 
    { "id": 60, "name": "Kids", "hasSubCategory": true, "parentId": 20 },
    { "id": 70, "name": "Top", "hasSubCategory": false, "parentId": 60 },
    { "id": 71, "name": "Pants & Shorts", "hasSubCategory": false, "parentId": 60 },
    { "id": 72, "name": "Dresses", "hasSubCategory": false, "parentId": 60 },
    { "id": 73, "name": "Skirts", "hasSubCategory": false, "parentId": 60 },
    { "id": 74, "name": "Set & Body", "hasSubCategory": false, "parentId": 60 },
    { "id": 80, "name": "Accessories", "hasSubCategory": true, "parentId": 20 },
    { "id": 90, "name": "Watches", "hasSubCategory": false, "parentId": 80 },
    { "id": 91, "name": "Bags & Wallet", "hasSubCategory": false, "parentId": 80 },
    { "id": 92, "name": "Sunglasses", "hasSubCategory": false, "parentId": 80 },
    { "id": 93, "name": "Belts & Hats", "hasSubCategory": false, "parentId": 80 },
    { "id": 100, "name": "Electronics", "hasSubCategory": false, "parentId": 0 },
    { "id": 150, "name": "Jewellery", "hasSubCategory": false, "parentId": 0 },    
    { "id": 200, "name": "Sports", "hasSubCategory": false, "parentId": 0 },
    { "id": 250, "name": "Motors", "hasSubCategory": false, "parentId": 0 }
]